<?xml version="1.0" encoding="UTF-8"?>
<project-private xmlns="http://www.netbeans.org/ns/project-private/1">
    <editor-bookmarks xmlns="http://www.netbeans.org/ns/editor-bookmarks/2" lastBookmarkId="0"/>
    <open-files xmlns="http://www.netbeans.org/ns/projectui-open-files/2">
        <group>
            <file>file:/C:/Users/SAMSUNG/Desktop/JAVA/PROYECTO/JavaApplication7/src/clases/Conexion.java</file>
            <file>file:/C:/Users/SAMSUNG/Desktop/JAVA/PROYECTO/JavaApplication7/src/vistas/FrmProductos.java</file>
            <file>file:/C:/Users/SAMSUNG/Desktop/JAVA/PROYECTO/JavaApplication7/src/principal/FrmPrincipal.java</file>
            <file>file:/C:/Users/SAMSUNG/Desktop/JAVA/PROYECTO/JavaApplication7/src/clases/ComboBox.java</file>
            <file>file:/C:/Users/SAMSUNG/Desktop/JAVA/PROYECTO/JavaApplication7/src/clases/Controlador.java</file>
            <file>file:/C:/Users/SAMSUNG/Desktop/JAVA/PROYECTO/JavaApplication7/src/vistas/FrmPedidos.java</file>
            <file>file:/C:/Users/SAMSUNG/Desktop/JAVA/PROYECTO/JavaApplication7/src/clases/Funciones.java</file>
            <file>file:/C:/Users/SAMSUNG/Desktop/JAVA/PROYECTO/JavaApplication7/src/clases/Reportes.java</file>
        </group>
    </open-files>
</project-private>
